INSERT INTO permission (id, version, auth_key, auth_uris, entity, http_method, creator_id, modifier_id)
VALUES (10101,0,'Index Attachment','/v[\\d]+/attachment','Attachment','GET',1, 1);
INSERT INTO permission (id, version, auth_key, auth_uris, entity, http_method, creator_id, modifier_id)
VALUES (10102,0,'Create Attachment','/v[\\d]+/attachment','Attachment','POST',1, 1);
INSERT INTO permission (id, version, auth_key, auth_uris, entity, http_method, creator_id, modifier_id)
VALUES (10103,0,'Read Attachment','/v[\\d]+/attachment/[\\d]+','Attachment','GET',1, 1);
INSERT INTO permission (id, version, auth_key, auth_uris, entity, http_method, creator_id, modifier_id)
VALUES (10104,0,'Update Attachment','/v[\\d]+/attachment/[\\d]+','Attachment','PUT',1, 1);
INSERT INTO permission (id, version, auth_key, auth_uris, entity, http_method, creator_id, modifier_id)
VALUES (10105,0,'Delete a Attachment','/v[\\d]+/attachment/[\\d]+','Attachment','DELETE',1, 1);
INSERT INTO permission (id, version, auth_key, auth_uris, entity, http_method, creator_id, modifier_id)
VALUES (10106,0,'Delete all Attachment','/v[\\d]+/attachment/clear','Attachment','DELETE',1, 1);
INSERT INTO permission (id, version, auth_key, auth_uris, entity, http_method, creator_id, modifier_id)
VALUES (10107,0,'Excel Attachment','/v[\\d]+/attachment/excel','Attachment','GET',1, 1);
INSERT INTO permission (id, version, auth_key, auth_uris, entity, http_method, creator_id, modifier_id)
VALUES (10201,0,'Index EmailLog','/v[\\d]+/email-log','EmailLog','GET',1, 1);
INSERT INTO permission (id, version, auth_key, auth_uris, entity, http_method, creator_id, modifier_id)
VALUES (10202,0,'Create EmailLog','/v[\\d]+/email-log','EmailLog','POST',1, 1);
INSERT INTO permission (id, version, auth_key, auth_uris, entity, http_method, creator_id, modifier_id)
VALUES (10203,0,'Read EmailLog','/v[\\d]+/email-log/[\\d]+','EmailLog','GET',1, 1);
INSERT INTO permission (id, version, auth_key, auth_uris, entity, http_method, creator_id, modifier_id)
VALUES (10204,0,'Update EmailLog','/v[\\d]+/email-log/[\\d]+','EmailLog','PUT',1, 1);
INSERT INTO permission (id, version, auth_key, auth_uris, entity, http_method, creator_id, modifier_id)
VALUES (10205,0,'Delete a EmailLog','/v[\\d]+/email-log/[\\d]+','EmailLog','DELETE',1, 1);
INSERT INTO permission (id, version, auth_key, auth_uris, entity, http_method, creator_id, modifier_id)
VALUES (10206,0,'Delete all EmailLog','/v[\\d]+/email-log/clear','EmailLog','DELETE',1, 1);
INSERT INTO permission (id, version, auth_key, auth_uris, entity, http_method, creator_id, modifier_id)
VALUES (10207,0,'Excel EmailLog','/v[\\d]+/email-log/excel','EmailLog','GET',1, 1);
INSERT INTO permission (id, version, auth_key, auth_uris, entity, http_method, creator_id, modifier_id)
VALUES (10301,0,'Index EmailServer','/v[\\d]+/email-server','EmailServer','GET',1, 1);
INSERT INTO permission (id, version, auth_key, auth_uris, entity, http_method, creator_id, modifier_id)
VALUES (10302,0,'Create EmailServer','/v[\\d]+/email-server','EmailServer','POST',1, 1);
INSERT INTO permission (id, version, auth_key, auth_uris, entity, http_method, creator_id, modifier_id)
VALUES (10303,0,'Read EmailServer','/v[\\d]+/email-server/[\\d]+','EmailServer','GET',1, 1);
INSERT INTO permission (id, version, auth_key, auth_uris, entity, http_method, creator_id, modifier_id)
VALUES (10304,0,'Update EmailServer','/v[\\d]+/email-server/[\\d]+','EmailServer','PUT',1, 1);
INSERT INTO permission (id, version, auth_key, auth_uris, entity, http_method, creator_id, modifier_id)
VALUES (10305,0,'Delete a EmailServer','/v[\\d]+/email-server/[\\d]+','EmailServer','DELETE',1, 1);
INSERT INTO permission (id, version, auth_key, auth_uris, entity, http_method, creator_id, modifier_id)
VALUES (10306,0,'Delete all EmailServer','/v[\\d]+/email-server/clear','EmailServer','DELETE',1, 1);
INSERT INTO permission (id, version, auth_key, auth_uris, entity, http_method, creator_id, modifier_id)
VALUES (10307,0,'Excel EmailServer','/v[\\d]+/email-server/excel','EmailServer','GET',1, 1);
INSERT INTO permission (id, version, auth_key, auth_uris, entity, http_method, creator_id, modifier_id)
VALUES (10401,0,'Index EmailTemplate','/v[\\d]+/email-template','EmailTemplate','GET',1, 1);
INSERT INTO permission (id, version, auth_key, auth_uris, entity, http_method, creator_id, modifier_id)
VALUES (10402,0,'Create EmailTemplate','/v[\\d]+/email-template','EmailTemplate','POST',1, 1);
INSERT INTO permission (id, version, auth_key, auth_uris, entity, http_method, creator_id, modifier_id)
VALUES (10403,0,'Read EmailTemplate','/v[\\d]+/email-template/[\\d]+','EmailTemplate','GET',1, 1);
INSERT INTO permission (id, version, auth_key, auth_uris, entity, http_method, creator_id, modifier_id)
VALUES (10404,0,'Update EmailTemplate','/v[\\d]+/email-template/[\\d]+','EmailTemplate','PUT',1, 1);
INSERT INTO permission (id, version, auth_key, auth_uris, entity, http_method, creator_id, modifier_id)
VALUES (10405,0,'Delete a EmailTemplate','/v[\\d]+/email-template/[\\d]+','EmailTemplate','DELETE',1, 1);
INSERT INTO permission (id, version, auth_key, auth_uris, entity, http_method, creator_id, modifier_id)
VALUES (10406,0,'Delete all EmailTemplate','/v[\\d]+/email-template/clear','EmailTemplate','DELETE',1, 1);
INSERT INTO permission (id, version, auth_key, auth_uris, entity, http_method, creator_id, modifier_id)
VALUES (10407,0,'Excel EmailTemplate','/v[\\d]+/email-template/excel','EmailTemplate','GET',1, 1);
INSERT INTO permission (id, version, auth_key, auth_uris, entity, http_method, creator_id, modifier_id)
VALUES (10501,0,'Index PdfTemplate','/v[\\d]+/pdf-template','PdfTemplate','GET',1, 1);
INSERT INTO permission (id, version, auth_key, auth_uris, entity, http_method, creator_id, modifier_id)
VALUES (10502,0,'Create PdfTemplate','/v[\\d]+/pdf-template','PdfTemplate','POST',1, 1);
INSERT INTO permission (id, version, auth_key, auth_uris, entity, http_method, creator_id, modifier_id)
VALUES (10503,0,'Read PdfTemplate','/v[\\d]+/pdf-template/[\\d]+','PdfTemplate','GET',1, 1);
INSERT INTO permission (id, version, auth_key, auth_uris, entity, http_method, creator_id, modifier_id)
VALUES (10504,0,'Update PdfTemplate','/v[\\d]+/pdf-template/[\\d]+','PdfTemplate','PUT',1, 1);
INSERT INTO permission (id, version, auth_key, auth_uris, entity, http_method, creator_id, modifier_id)
VALUES (10505,0,'Delete a PdfTemplate','/v[\\d]+/pdf-template/[\\d]+','PdfTemplate','DELETE',1, 1);
INSERT INTO permission (id, version, auth_key, auth_uris, entity, http_method, creator_id, modifier_id)
VALUES (10506,0,'Delete all PdfTemplate','/v[\\d]+/pdf-template/clear','PdfTemplate','DELETE',1, 1);
INSERT INTO permission (id, version, auth_key, auth_uris, entity, http_method, creator_id, modifier_id)
VALUES (10507,0,'Excel PdfTemplate','/v[\\d]+/pdf-template/excel','PdfTemplate','GET',1, 1);



INSERT INTO role_permission (id, version, creator_id, modifier_id, permission_id, role_id)
VALUES (110101, 0, 1, 1, 10101, 1);
INSERT INTO role_permission (id, version, creator_id, modifier_id, permission_id, role_id)
VALUES (110102, 0, 1, 1, 10102, 1);
INSERT INTO role_permission (id, version, creator_id, modifier_id, permission_id, role_id)
VALUES (110103, 0, 1, 1, 10103, 1);
INSERT INTO role_permission (id, version, creator_id, modifier_id, permission_id, role_id)
VALUES (110104, 0, 1, 1, 10104, 1);
INSERT INTO role_permission (id, version, creator_id, modifier_id, permission_id, role_id)
VALUES (110105, 0, 1, 1, 10105, 1);
INSERT INTO role_permission (id, version, creator_id, modifier_id, permission_id, role_id)
VALUES (110106, 0, 1, 1, 10106, 1);
INSERT INTO role_permission (id, version, creator_id, modifier_id, permission_id, role_id)
VALUES (110107, 0, 1, 1, 10107, 1);
INSERT INTO role_permission (id, version, creator_id, modifier_id, permission_id, role_id)
VALUES (310101, 0, 1, 1, 10101, 3);
INSERT INTO role_permission (id, version, creator_id, modifier_id, permission_id, role_id)
VALUES (310102, 0, 1, 1, 10102, 3);
INSERT INTO role_permission (id, version, creator_id, modifier_id, permission_id, role_id)
VALUES (310103, 0, 1, 1, 10103, 3);
INSERT INTO role_permission (id, version, creator_id, modifier_id, permission_id, role_id)
VALUES (310104, 0, 1, 1, 10104, 3);
INSERT INTO role_permission (id, version, creator_id, modifier_id, permission_id, role_id)
VALUES (310105, 0, 1, 1, 10105, 3);
INSERT INTO role_permission (id, version, creator_id, modifier_id, permission_id, role_id)
VALUES (310106, 0, 1, 1, 10106, 3);
INSERT INTO role_permission (id, version, creator_id, modifier_id, permission_id, role_id)
VALUES (310107, 0, 1, 1, 10107, 3);
INSERT INTO role_permission (id, version, creator_id, modifier_id, permission_id, role_id)
VALUES (410101, 0, 1, 1, 10101, 4);
INSERT INTO role_permission (id, version, creator_id, modifier_id, permission_id, role_id)
VALUES (410102, 0, 1, 1, 10102, 4);
INSERT INTO role_permission (id, version, creator_id, modifier_id, permission_id, role_id)
VALUES (410103, 0, 1, 1, 10103, 4);
INSERT INTO role_permission (id, version, creator_id, modifier_id, permission_id, role_id)
VALUES (410104, 0, 1, 1, 10104, 4);
INSERT INTO role_permission (id, version, creator_id, modifier_id, permission_id, role_id)
VALUES (410105, 0, 1, 1, 10105, 4);
INSERT INTO role_permission (id, version, creator_id, modifier_id, permission_id, role_id)
VALUES (410106, 0, 1, 1, 10106, 4);
INSERT INTO role_permission (id, version, creator_id, modifier_id, permission_id, role_id)
VALUES (410107, 0, 1, 1, 10107, 4);
INSERT INTO role_permission (id, version, creator_id, modifier_id, permission_id, role_id)
VALUES (110201, 0, 1, 1, 10201, 1);
INSERT INTO role_permission (id, version, creator_id, modifier_id, permission_id, role_id)
VALUES (110202, 0, 1, 1, 10202, 1);
INSERT INTO role_permission (id, version, creator_id, modifier_id, permission_id, role_id)
VALUES (110203, 0, 1, 1, 10203, 1);
INSERT INTO role_permission (id, version, creator_id, modifier_id, permission_id, role_id)
VALUES (110204, 0, 1, 1, 10204, 1);
INSERT INTO role_permission (id, version, creator_id, modifier_id, permission_id, role_id)
VALUES (110205, 0, 1, 1, 10205, 1);
INSERT INTO role_permission (id, version, creator_id, modifier_id, permission_id, role_id)
VALUES (110206, 0, 1, 1, 10206, 1);
INSERT INTO role_permission (id, version, creator_id, modifier_id, permission_id, role_id)
VALUES (110207, 0, 1, 1, 10207, 1);
INSERT INTO role_permission (id, version, creator_id, modifier_id, permission_id, role_id)
VALUES (310201, 0, 1, 1, 10201, 3);
INSERT INTO role_permission (id, version, creator_id, modifier_id, permission_id, role_id)
VALUES (310202, 0, 1, 1, 10202, 3);
INSERT INTO role_permission (id, version, creator_id, modifier_id, permission_id, role_id)
VALUES (310203, 0, 1, 1, 10203, 3);
INSERT INTO role_permission (id, version, creator_id, modifier_id, permission_id, role_id)
VALUES (310204, 0, 1, 1, 10204, 3);
INSERT INTO role_permission (id, version, creator_id, modifier_id, permission_id, role_id)
VALUES (310205, 0, 1, 1, 10205, 3);
INSERT INTO role_permission (id, version, creator_id, modifier_id, permission_id, role_id)
VALUES (310206, 0, 1, 1, 10206, 3);
INSERT INTO role_permission (id, version, creator_id, modifier_id, permission_id, role_id)
VALUES (310207, 0, 1, 1, 10207, 3);
INSERT INTO role_permission (id, version, creator_id, modifier_id, permission_id, role_id)
VALUES (410201, 0, 1, 1, 10201, 4);
INSERT INTO role_permission (id, version, creator_id, modifier_id, permission_id, role_id)
VALUES (410202, 0, 1, 1, 10202, 4);
INSERT INTO role_permission (id, version, creator_id, modifier_id, permission_id, role_id)
VALUES (410203, 0, 1, 1, 10203, 4);
INSERT INTO role_permission (id, version, creator_id, modifier_id, permission_id, role_id)
VALUES (410204, 0, 1, 1, 10204, 4);
INSERT INTO role_permission (id, version, creator_id, modifier_id, permission_id, role_id)
VALUES (410205, 0, 1, 1, 10205, 4);
INSERT INTO role_permission (id, version, creator_id, modifier_id, permission_id, role_id)
VALUES (410206, 0, 1, 1, 10206, 4);
INSERT INTO role_permission (id, version, creator_id, modifier_id, permission_id, role_id)
VALUES (410207, 0, 1, 1, 10207, 4);
INSERT INTO role_permission (id, version, creator_id, modifier_id, permission_id, role_id)
VALUES (110301, 0, 1, 1, 10301, 1);
INSERT INTO role_permission (id, version, creator_id, modifier_id, permission_id, role_id)
VALUES (110302, 0, 1, 1, 10302, 1);
INSERT INTO role_permission (id, version, creator_id, modifier_id, permission_id, role_id)
VALUES (110303, 0, 1, 1, 10303, 1);
INSERT INTO role_permission (id, version, creator_id, modifier_id, permission_id, role_id)
VALUES (110304, 0, 1, 1, 10304, 1);
INSERT INTO role_permission (id, version, creator_id, modifier_id, permission_id, role_id)
VALUES (110305, 0, 1, 1, 10305, 1);
INSERT INTO role_permission (id, version, creator_id, modifier_id, permission_id, role_id)
VALUES (110306, 0, 1, 1, 10306, 1);
INSERT INTO role_permission (id, version, creator_id, modifier_id, permission_id, role_id)
VALUES (110307, 0, 1, 1, 10307, 1);
INSERT INTO role_permission (id, version, creator_id, modifier_id, permission_id, role_id)
VALUES (310301, 0, 1, 1, 10301, 3);
INSERT INTO role_permission (id, version, creator_id, modifier_id, permission_id, role_id)
VALUES (310302, 0, 1, 1, 10302, 3);
INSERT INTO role_permission (id, version, creator_id, modifier_id, permission_id, role_id)
VALUES (310303, 0, 1, 1, 10303, 3);
INSERT INTO role_permission (id, version, creator_id, modifier_id, permission_id, role_id)
VALUES (310304, 0, 1, 1, 10304, 3);
INSERT INTO role_permission (id, version, creator_id, modifier_id, permission_id, role_id)
VALUES (310305, 0, 1, 1, 10305, 3);
INSERT INTO role_permission (id, version, creator_id, modifier_id, permission_id, role_id)
VALUES (310306, 0, 1, 1, 10306, 3);
INSERT INTO role_permission (id, version, creator_id, modifier_id, permission_id, role_id)
VALUES (310307, 0, 1, 1, 10307, 3);
INSERT INTO role_permission (id, version, creator_id, modifier_id, permission_id, role_id)
VALUES (410301, 0, 1, 1, 10301, 4);
INSERT INTO role_permission (id, version, creator_id, modifier_id, permission_id, role_id)
VALUES (410302, 0, 1, 1, 10302, 4);
INSERT INTO role_permission (id, version, creator_id, modifier_id, permission_id, role_id)
VALUES (410303, 0, 1, 1, 10303, 4);
INSERT INTO role_permission (id, version, creator_id, modifier_id, permission_id, role_id)
VALUES (410304, 0, 1, 1, 10304, 4);
INSERT INTO role_permission (id, version, creator_id, modifier_id, permission_id, role_id)
VALUES (410305, 0, 1, 1, 10305, 4);
INSERT INTO role_permission (id, version, creator_id, modifier_id, permission_id, role_id)
VALUES (410306, 0, 1, 1, 10306, 4);
INSERT INTO role_permission (id, version, creator_id, modifier_id, permission_id, role_id)
VALUES (410307, 0, 1, 1, 10307, 4);
INSERT INTO role_permission (id, version, creator_id, modifier_id, permission_id, role_id)
VALUES (110401, 0, 1, 1, 10401, 1);
INSERT INTO role_permission (id, version, creator_id, modifier_id, permission_id, role_id)
VALUES (110402, 0, 1, 1, 10402, 1);
INSERT INTO role_permission (id, version, creator_id, modifier_id, permission_id, role_id)
VALUES (110403, 0, 1, 1, 10403, 1);
INSERT INTO role_permission (id, version, creator_id, modifier_id, permission_id, role_id)
VALUES (110404, 0, 1, 1, 10404, 1);
INSERT INTO role_permission (id, version, creator_id, modifier_id, permission_id, role_id)
VALUES (110405, 0, 1, 1, 10405, 1);
INSERT INTO role_permission (id, version, creator_id, modifier_id, permission_id, role_id)
VALUES (110406, 0, 1, 1, 10406, 1);
INSERT INTO role_permission (id, version, creator_id, modifier_id, permission_id, role_id)
VALUES (110407, 0, 1, 1, 10407, 1);
INSERT INTO role_permission (id, version, creator_id, modifier_id, permission_id, role_id)
VALUES (310401, 0, 1, 1, 10401, 3);
INSERT INTO role_permission (id, version, creator_id, modifier_id, permission_id, role_id)
VALUES (310402, 0, 1, 1, 10402, 3);
INSERT INTO role_permission (id, version, creator_id, modifier_id, permission_id, role_id)
VALUES (310403, 0, 1, 1, 10403, 3);
INSERT INTO role_permission (id, version, creator_id, modifier_id, permission_id, role_id)
VALUES (310404, 0, 1, 1, 10404, 3);
INSERT INTO role_permission (id, version, creator_id, modifier_id, permission_id, role_id)
VALUES (310405, 0, 1, 1, 10405, 3);
INSERT INTO role_permission (id, version, creator_id, modifier_id, permission_id, role_id)
VALUES (310406, 0, 1, 1, 10406, 3);
INSERT INTO role_permission (id, version, creator_id, modifier_id, permission_id, role_id)
VALUES (310407, 0, 1, 1, 10407, 3);
INSERT INTO role_permission (id, version, creator_id, modifier_id, permission_id, role_id)
VALUES (410401, 0, 1, 1, 10401, 4);
INSERT INTO role_permission (id, version, creator_id, modifier_id, permission_id, role_id)
VALUES (410402, 0, 1, 1, 10402, 4);
INSERT INTO role_permission (id, version, creator_id, modifier_id, permission_id, role_id)
VALUES (410403, 0, 1, 1, 10403, 4);
INSERT INTO role_permission (id, version, creator_id, modifier_id, permission_id, role_id)
VALUES (410404, 0, 1, 1, 10404, 4);
INSERT INTO role_permission (id, version, creator_id, modifier_id, permission_id, role_id)
VALUES (410405, 0, 1, 1, 10405, 4);
INSERT INTO role_permission (id, version, creator_id, modifier_id, permission_id, role_id)
VALUES (410406, 0, 1, 1, 10406, 4);
INSERT INTO role_permission (id, version, creator_id, modifier_id, permission_id, role_id)
VALUES (410407, 0, 1, 1, 10407, 4);
INSERT INTO role_permission (id, version, creator_id, modifier_id, permission_id, role_id)
VALUES (110501, 0, 1, 1, 10501, 1);
INSERT INTO role_permission (id, version, creator_id, modifier_id, permission_id, role_id)
VALUES (110502, 0, 1, 1, 10502, 1);
INSERT INTO role_permission (id, version, creator_id, modifier_id, permission_id, role_id)
VALUES (110503, 0, 1, 1, 10503, 1);
INSERT INTO role_permission (id, version, creator_id, modifier_id, permission_id, role_id)
VALUES (110504, 0, 1, 1, 10504, 1);
INSERT INTO role_permission (id, version, creator_id, modifier_id, permission_id, role_id)
VALUES (110505, 0, 1, 1, 10505, 1);
INSERT INTO role_permission (id, version, creator_id, modifier_id, permission_id, role_id)
VALUES (110506, 0, 1, 1, 10506, 1);
INSERT INTO role_permission (id, version, creator_id, modifier_id, permission_id, role_id)
VALUES (110507, 0, 1, 1, 10507, 1);
INSERT INTO role_permission (id, version, creator_id, modifier_id, permission_id, role_id)
VALUES (310501, 0, 1, 1, 10501, 3);
INSERT INTO role_permission (id, version, creator_id, modifier_id, permission_id, role_id)
VALUES (310502, 0, 1, 1, 10502, 3);
INSERT INTO role_permission (id, version, creator_id, modifier_id, permission_id, role_id)
VALUES (310503, 0, 1, 1, 10503, 3);
INSERT INTO role_permission (id, version, creator_id, modifier_id, permission_id, role_id)
VALUES (310504, 0, 1, 1, 10504, 3);
INSERT INTO role_permission (id, version, creator_id, modifier_id, permission_id, role_id)
VALUES (310505, 0, 1, 1, 10505, 3);
INSERT INTO role_permission (id, version, creator_id, modifier_id, permission_id, role_id)
VALUES (310506, 0, 1, 1, 10506, 3);
INSERT INTO role_permission (id, version, creator_id, modifier_id, permission_id, role_id)
VALUES (310507, 0, 1, 1, 10507, 3);
INSERT INTO role_permission (id, version, creator_id, modifier_id, permission_id, role_id)
VALUES (410501, 0, 1, 1, 10501, 4);
INSERT INTO role_permission (id, version, creator_id, modifier_id, permission_id, role_id)
VALUES (410502, 0, 1, 1, 10502, 4);
INSERT INTO role_permission (id, version, creator_id, modifier_id, permission_id, role_id)
VALUES (410503, 0, 1, 1, 10503, 4);
INSERT INTO role_permission (id, version, creator_id, modifier_id, permission_id, role_id)
VALUES (410504, 0, 1, 1, 10504, 4);
INSERT INTO role_permission (id, version, creator_id, modifier_id, permission_id, role_id)
VALUES (410505, 0, 1, 1, 10505, 4);
INSERT INTO role_permission (id, version, creator_id, modifier_id, permission_id, role_id)
VALUES (410506, 0, 1, 1, 10506, 4);
INSERT INTO role_permission (id, version, creator_id, modifier_id, permission_id, role_id)
VALUES (410507, 0, 1, 1, 10507, 4);



INSERT INTO role_permission_rule (role_permission_id, rule_id)
VALUES (110101, 1);
INSERT INTO role_permission_rule (role_permission_id, rule_id)
VALUES (110102, 1);
INSERT INTO role_permission_rule (role_permission_id, rule_id)
VALUES (110103, 1);
INSERT INTO role_permission_rule (role_permission_id, rule_id)
VALUES (110104, 1);
INSERT INTO role_permission_rule (role_permission_id, rule_id)
VALUES (110105, 1);
INSERT INTO role_permission_rule (role_permission_id, rule_id)
VALUES (110106, 1);
INSERT INTO role_permission_rule (role_permission_id, rule_id)
VALUES (110107, 1);
INSERT INTO role_permission_rule (role_permission_id, rule_id)
VALUES (110201, 1);
INSERT INTO role_permission_rule (role_permission_id, rule_id)
VALUES (110202, 1);
INSERT INTO role_permission_rule (role_permission_id, rule_id)
VALUES (110203, 1);
INSERT INTO role_permission_rule (role_permission_id, rule_id)
VALUES (110204, 1);
INSERT INTO role_permission_rule (role_permission_id, rule_id)
VALUES (110205, 1);
INSERT INTO role_permission_rule (role_permission_id, rule_id)
VALUES (110206, 1);
INSERT INTO role_permission_rule (role_permission_id, rule_id)
VALUES (110207, 1);
INSERT INTO role_permission_rule (role_permission_id, rule_id)
VALUES (110301, 1);
INSERT INTO role_permission_rule (role_permission_id, rule_id)
VALUES (110302, 1);
INSERT INTO role_permission_rule (role_permission_id, rule_id)
VALUES (110303, 1);
INSERT INTO role_permission_rule (role_permission_id, rule_id)
VALUES (110304, 1);
INSERT INTO role_permission_rule (role_permission_id, rule_id)
VALUES (110305, 1);
INSERT INTO role_permission_rule (role_permission_id, rule_id)
VALUES (110306, 1);
INSERT INTO role_permission_rule (role_permission_id, rule_id)
VALUES (110307, 1);
INSERT INTO role_permission_rule (role_permission_id, rule_id)
VALUES (110401, 1);
INSERT INTO role_permission_rule (role_permission_id, rule_id)
VALUES (110402, 1);
INSERT INTO role_permission_rule (role_permission_id, rule_id)
VALUES (110403, 1);
INSERT INTO role_permission_rule (role_permission_id, rule_id)
VALUES (110404, 1);
INSERT INTO role_permission_rule (role_permission_id, rule_id)
VALUES (110405, 1);
INSERT INTO role_permission_rule (role_permission_id, rule_id)
VALUES (110406, 1);
INSERT INTO role_permission_rule (role_permission_id, rule_id)
VALUES (110407, 1);
INSERT INTO role_permission_rule (role_permission_id, rule_id)
VALUES (110501, 1);
INSERT INTO role_permission_rule (role_permission_id, rule_id)
VALUES (110502, 1);
INSERT INTO role_permission_rule (role_permission_id, rule_id)
VALUES (110503, 1);
INSERT INTO role_permission_rule (role_permission_id, rule_id)
VALUES (110504, 1);
INSERT INTO role_permission_rule (role_permission_id, rule_id)
VALUES (110505, 1);
INSERT INTO role_permission_rule (role_permission_id, rule_id)
VALUES (110506, 1);
INSERT INTO role_permission_rule (role_permission_id, rule_id)
VALUES (110507, 1);
